1	SiteOnWhelsA
2	SiteOnWhelsB
3	SiteOnWhelsC
4	SiteOnWhelsD
5	SiteOnWhelsE
6	SiteOnWhelsF
7	SiteOnWhelsG
8	SiteOnWhelsH
9	SiteOnWhelsI
10	SiteOnWhelsJ
11	SiteOnWhelsK
12	SiteOnWhelsL
13	SiteOnWhelsM
14	SiteOnWhelsN
15	SiteOnWhelsO
16	SiteOnWlsATG
39	EMetCom Disp
40	EMetCom Ops 1
41	EMetCom Trng 2
42	EMetCom Admn
44	LasAnimas LE1
45	LasAnimas LE2
46	Trinidad City 1
47	Trinidad FD Disp
48	Trinidad FD Tac
49	Trinidad City 2
50	Trinidad Lcl Gov
51	LasAnimas LE4
52	Trinidad R&B
53	Adams Co MAC
63	Lafayette FG 2
64	Lafayette FG 1
66	Avista Hosp
67	BCH - CMC ER
68	CENTHEALTH
69	Childrens Hosp
70	Denver Health
71	Littleton Adv Hs
72	Lngmnt United Hs
73	LUTH HOSP
74	Med Cntr Aurora
75	NRTHSUB MED
76	PlatteValley Med
77	PORTER HSP
78	PSL HOSP
79	ARK VAL HSP
80	ROSE MED CR
81	ST ANTH CEN
82	STANTH NRTH
83	ST JOE HOSP
84	SWEDISH MED
85	UNIV MED CT
86	SKYRIDGE
87	Centura Hosp
88	SWEDISH SW
90	La Junta PD Disp
91	La Junta PD Tac
92	La Junta FD
93	La Junta FD FG
94	La Junta Govt 1
95	La Junta Govt 2
96	Otero Co SO Disp
97	RockyFord PD Dis
100	Poudre Sch Bus N
101	Poudre Sch Bus S
102	Poudre Sch Trans
103	Poudre Sch Grnds
104	Poudre Sch IS
105	Poudre Sch
106	Poudre Sch Emerg
108	BCH - Foothills
109	Cedar Sprg Hosp
110	CEN PK HSP
111	PENROSE HSP
112	ST MARY HSP
113	ST THOMAS
114	COMHI LOGAN
115	COMHI Hosp
116	COMHI FRNSC
117	CO PLAINS
118	CRAIG HSP
119	DEVEREUX
120	Banner EMC Hosp
121	Estes Park MedCt
122	HAXTUN HSP
123	HTHHSP CSPG
124	HEART MED
125	KEEFE HOSP
126	Kindred Hosp
127	Kit Carson Hosp
128	Lifecare Hosp
129	LINCOLN HSP
130	MELISSA HSP
131	MEM HLTHSYS
132	MTSANRAFEL
133	NAT JEWISH
134	NVALLY REHB
135	NVALLY PSYC
136	PARKVIEW MD
137	Prowers MedCntr
138	TRIUMPH AU
139	Sedgwick MemHosp
140	Select Hosp Den
141	Select Hosp DenS
142	SMPR HSP CS
143	SECOSPG HSP
144	PRES REHAB
145	ROSE REHAB
146	SPALD REHAB
147	SPAN PK HSP
148	STERLING HSP
149	VA Hospital
150	WEISBRD HSP
151	WRAY HOSP
152	YUMA HOSP
153	ANSHUTZ HSP
154	KSR PRMT HSP
155	CO Comm Heath 1
156	Tier 1 Training
157	Ortho Co Hosp
158	CR Advetist Hosp
162	RETAC Mile High
163	RETAC NE
164	RETAC P/P
165	RETAC SE
166	RETAC S
167	RETAC Foothills
168	EMS MAC
169	Public Health NE
170	Public Health NC
171	Public Health SC
172	Public Health S
173	Public Health SE
174	UCH PPRH 174
175	NParkMedCtr
176	SpldgRhbHsp
201	Otero Co SO Tac
202	RockyFord PD Tac
203	Bent Co SO
204	Bent Co SO Tac
205	Crowley Co SO 1
206	Crowley Co SO 2
207	Las Animas PD
208	Las Animas PD Tc
209	Kiowa SO Disp
210	Kiowa SO Tac
211	ProwersCo SO Dis
212	ProwersCo SO Tac
213	RockyFord FD Tac
214	Las Animas FD
215	Las Animas FD Tc
216	RockyFord FD Dis
217	Fowler PD Disp
218	DHSEM SC
219	DHSEM SE
220	DHSEM S
221	Fowler PD Tac
222	Fowler EMS
223	Fowler FD Tac
224	Fowler Govt
225	Manzanola Gvt
226	Otero Co MAC
227	La Junta Transit
228	RockyFord Gov 1
229	RockyFord Gov 2
230	Otero Co R&B
231	EOtro School Bus
232	EOtro School Adm
233	Cheraw Fire
269	Hsty/McClv FD
270	Hsty/McClv FD Tc
271	Bent Co R&B
272	Las Animas LocGv
273	Bent Co MAC
274	Bent Co LE
275	Bent Co SchnBus
294	ProwersCo MAC
295	Lamar PD 1
296	Lamar PD 2
297	Lamar FD/EMS
298	Lamar FD Tac
299	Lamar LocGov 1
300	Lamar LocGov 2
301	ProwersCo R&B
302	Holly EMS
303	ProwersCo FD 2
304	ProwersCo FD 3
305	Wiley FD Disp
306	Wiley FD Tac
317	Kiowa FD
318	Kiowa EMS
319	Kiowa MAC
320	Kiowa R&B
321	Eads Local Govt
344	Baca Co LE 1
345	Baca Co LE 2
346	Baca Co LE 3
347	Sprngfld PD 2
348	Baca Co R&B 1
349	Baca Co MAC
350	Sprngfld Loc Gov
351	Sprngfld FD
352	Campo Fire
353	Walsh FD/EMS
354	Sprngfld EMS
355	Baca Co Ops 1
356	Baca Co R&B 2
357	Baca Co R&B 3
358	Baca Co Comsnr
359	Pritchett FD
360	Vilas FD
361	Two Buttes FPD
362	Baca Co Ops 2
369	Crowley Co R&B
370	Crowley Co MAC
371	Crowley Co FD 1
372	Crowley Co FD 2
373	Crowley Co FD 3
374	Crowley Co EMS 1
375	Crowley Co EMS 2
376	Ordway Loc Gov
394	Cheynne Co MAC
395	Chynne Co LE 1
396	Chynne Co LE 2
397	Chynne Co EMS 1
398	Chynne Co EMS 2
399	Chynne Co FD 1
400	Chynne Co FD 2
401	Chynne Co Corner
402	Chynne Co Hazmat
403	Chynne Co PW 1
404	Chynne Co PW 2
405	Chynne Co Health
419	Kit Carson MAC
420	Kit Carsn LE 1
421	Kit Carsn LE 2
422	Kit Carson EMS 1
423	Kit Carson EMS 2
424	Kit Carson FD 1
425	Kit Carson FD 2
426	Kit Carson Cornr
427	Kit Carson Hazmt
428	Kit Carson EM
429	Kit Carson PW 1
430	Kit Carson PW 2
431	Kit Carson Hlth
444	CusterCo SO1
445	CusterCo SO2
446	CusterCo EMS1
447	CusterCo FG
448	CusterCo EMS3
449	Wet Mtn Fire
450	Wetmore Fire
451	CusterCo FD3
452	CusterCo R&B
453	CusterCo MAC
455	CusterCo SD
494	LincolnCo MAC
495	LincolnCo LE 1
496	LincolnCo LE Tac
497	LincolnCo SO
498	LincolnCo EMS
499	LincolnCo FD Dis
500	LincolnCo FD FG1
501	LincolnCo FD FG2
502	LincolnCo FD FG3
503	Hugo Police
504	Limon Police
505	NE C-EM
506	LincolnCo PubHlh
507	Douglas HRLETF
512	Elbert Co SO 5
513	Elbert Co SO 6
514	Elbert Co EmComm
515	Elbert Co FD 3
516	Elbert Co FD 3
517	Elbert Co LE Tac
518	Elbert Co FD Adm
519	Elbert Co FD 1
520	Elbert Co FD 2
521	Elbert Co EM
522	Elbert Co Roads
525	Simla FD Ops
560	LincolnCo Coronr
600	Huerfano R&B 1
601	Huerfano R&B 2
602	Huerfano SO Tac
603	Huerfano EMA
604	Huerfano RE1 Bus
605	Huerfano RE2 Bus
606	Huerfano FD Tac
993	Douglas Sch Sec
994	Douglas Sch Emer
995	Douglas Sch Bus1
996	Douglas Sch Bus2
997	Douglas Sch Bus3
998	Douglas Sch Bus4
999	Douglas Sch Bus5
1000	Douglas Sch Bus6
1001	DouglasCo SAR Ad
1003	DouglasCo SAR Op
1005	DouglasCo MedCnt
1007	Douglas SO 1007
1009	Douglas SO SIS
1011	Douglas SO 1011
1013	DouglasCo DEC
1015	Douglas SO Adm
1017	Douglas Co Cornr
1019	DouglasCo Buildn
1021	DouglasCo R&B
1023	DouglasCo FD T13
1025	DouglasCo R&B 1
1027	DougalsCo R&B 2
1029	DougalsCo R&B 3
1031	Douglas SO Supv
1033	Douglas SO1
1035	Douglas SO2
1037	Douglas SO3
1039	Douglas SO4
1041	DouglasCo Water
1043	DouglasCo MAC1
1045	DouglasCo MAC2
1046	MetCom 14 Ops
1047	MetCom IDT Ops 2
1048	MetCom 17 Ops
1049	MetCom IDT Ops 1
1051	DouglasCo FD RIT
1053	DouglasCo FD 1
1055	DouglasCo FD 2
1057	DouglasCo FD 3
1059	DouglasCo FD 5
1061	DouglasCo FD 7
1063	DouglasCo FD 9
1065	DouglasCo FD 11
1067	Douglas SO Inv
1069	Douglas SO Jail
1071	Douglas SO JailT
1073	Douglas SO SA1
1075	Douglas SO SA2
1077	Douglas SO SA3
1079	Douglas SO SWAT
1081	Douglas SO 1081
1083	Douglas SO SWATa
1085	Douglas SO Trng1
1087	Douglas SO Trng2
1089	Douglas SO Trn3
1091	DouglasCo Wx
1093	Douglas SO DTF
1094	CanonCity PD 1
1095	CanonCity PD 2
1096	CanonCity PD 3
1097	CanonCity PD 4
1100	Huerfano FPD
1101	La Veta FPD
1102	UpperHuefano FPD
1103	Park Co LE Tac 1
1104	Park Co LE Tac 2
1105	Park Co Health
1106	Park Co R&B
1107	Park Co LE Disp
1108	Park Co LE Tac
1109	Park Co EmerSrvs
1110	Park Co Ops 4
1111	Park Co Ops 5
1112	Park Co Ops 6
1113	Park Co Ops 7
1114	Park Co Ops 8
1115	Park Co Ops 9
1118	LasAnimas LE3
1119	LasAnimas Jail
1120	LasAnimas SO
1126	Park Co School
1127	Park Co LE ENC
1195	SoCRadioTech
1197	SoCRadioTech
1199	SoCRadioTech
1200	Huerfano SO Disp
1201	Walsenburg PD Tc
1202	Huerfano SO Tac
1203	Huerfano FD Disp
1204	Huerfano FD FG
1205	Huerfano EMS Tac
1206	HuerfnoCoMAC
1207	LasAnimas MAC
1208	LasAnimas FD1
1209	LasAnimas FD2
1210	LasAnimas FD3
1211	LasAnimas FD4
1212	FremontCo MAC
1213	Trinidad EMS 1
1214	Trinidad EMS 2
1216	CDOC LCF 2
1217	DHSEM NC
1218	DEA 1218
1220	DEA 1220
1221	DEA 1221
1222	CO SAR
1223	DOW Statewd
1224	DOW Aqtcs E
1225	BLM East
1226	CBI Tac-1
1227	CBI Tac-2
1228	BAFB Hawk 1
1229	BAFB Hawk 2
1230	USFS Statewide
1231	USFS NE
1232	USFS SE
1234	DEA CoSprings
1235	VA SECURITY
1237	DEA 1237
1241	DEA 1241
1242	DEA 1242
1244	DEA 1244
1245	DEA 1245
1246	BAFB OSI
1247	BAFB Security
1248	BAFB EOC
1249	DEA 1249
1260	USFW RMA NWR
1261	BLM Front Range
1265	CONG
1360	SC RIC Cmd
1361	SC RIC Law
1362	SC RIC Fire
1363	SC RIC EMS
1401	JFCO SO Disp
1402	JFCO Auto TF
1403	JFCO SO N MT
1404	JFCO Auto TF
1405	JFCO SO S MT
1407	JFCO SO Records
1409	JFCO SO N TC
1411	JFCO SO S TC
1413	JFCO SO Inv
1415	JFCO SO Inv
1417	JFCO SO Jail
1419	JFCO SO Jail
1421	JFCO Bldg MT
1423	JFCO SO Wrkr
1425	JFCO SO SWAT
1427	JFCO SO
1429	JFCO Radio T
1431	JFCO SO Anc
1433	JFCO Roads
1435	JFCO Roads
1437	JFCO Roads
1439	JFCO Roads
1441	JFCO Courts
1443	JFCO DA
1445	JFCO DA
1447	JFCO Coroner
1449	JFCO RB
1451	JFCO Opn Spc
1453	JFCO Com Cor
1455	JFCO Opn Spc
1457	JFCO Opn Spc
1459	Golden PD 1
1461	Golden PD 2
1463	Golden PD 3
1465	CSM Police
1467	Edgewater PD
1469	Lakeside PD
1471	Morrison PD 1
1473	Morrison PD 2
1475	Mountain View PD
1477	JFCO LE Tac
1479	JFCO Fire NE
1481	JFCO Fire NW
1483	JFCO Fire SE
1485	JFCO Fire SW
1487	JFCO FTac NE
1489	JFCO FTac NW
1491	JFCO FTac SE
1493	JFCO FTac SW
1495	CNF Tac 3
1497	CNF Tac 4
1499	JFCO SO Fugitive
1501	Coal Crek FD
1503	JFCO FD Admn
1505	CNF Tac 6
1507	JFCO FD Trng
1509	CNF Dispatch
1511	CNF Tac 5
1513	Foothills FD
1514	Foothills FD Tac
1515	Highland EMS
1517	Genesee FD Tac
1519	JFCO AP Emrg
1521	JFCO Airport
1523	JFCO Events 1
1525	JFCO Events 2
1527	JFCO Inc Mgy
1529	JFCO 1529
1531	JFCO 1531
1533	West Metro DTF
1535	JFCO Sc Sec1
1536	WMFR/Watrton2
1537	WMFR 2
1538	CNF Tac 2
1539	FrmntFD Trng
1540	AlpineRescue
1541	Golden FD 3
1542	Golden PD Train
1786	MetCom 1 Disp
1787	MetCom 3 Ops
1788	MetCom 5 Ops
1789	MetCom 7 Ops
1790	MetCom 9 Ops
1791	West Douglas FPD
1792	MetCom 2 Ops
1793	MetCom 15 Ops
1851	MetCom 11 Ops
1853	DouglasCo FD SA1
1855	DouglasCo FD SA2
1857	MetCom 12 Ops
1859	MetCom 13 Ops
1861	DouglasCo FD 13
1862	Aurora FD Tac 3
1863	DouglasCo Med 9
1864	Aurora FD Tac 5
1865	Douglas Sch Admn
1867	DouglasCo FD T14
1868	Lone Tree PD 1
1869	Lone Tree PD 2
1916	WLD HOSP
1917	NColoMedevac
1918	NCOMdvcRun1
1951	WeldCoEmgOp1
2001	DHSEM NE
2101	Parker PD 4
2102	ColoradoSTAR
2103	Parker PD 1
2105	Parker PD 2
2107	Parker PD Invest
2109	Parker PD 3
2111	Parker R&B 1
2113	Parker R&B 2
2151	Sheridan PD 1
2153	Sheridan PD 2
2155	Sheridan PD 3
2157	Sheridan PD 4
2159	Sheridan FD
2161	Sheridan PD Spc1
2163	Sheridan Schools
2165	Sheridan PD Spc2
2201	Castle Rock PD 1
2203	Castle Rock PD 2
2205	Castle Rock PD 3
2206	Castle Rock PD 4
2207	Castle Rock DPW
2208	Castle Pines ES1
2209	Castle Rock CW
2210	Castle Pines ES2
2211	Castle Rock R&B
2212	CDOC ITT 1
2213	CDOC ITT 2
2282	Green NE
2286	Red NE
2287	Blue NE
2288	Red SW
2289	Green 1
2290	Blue SW
2291	Green SE
2292	Silver
2293	Grey
2294	Green NW
2295	Red NW
2296	Blue NW
2297	Red SE
2298	Blue SE
2300	Demo 1
2301	CSP 1B & 1C
2303	CSP 1C Tac
2305	CSP Troop 1D
2307	CSP 1D Tac
2308	CDOT CP
2309	CDOT 5 John
2310	CDOT TrfcCtl
2311	CDOT 5 King
2312	CDOT 5K
2313	CDOT 8 Linc
2314	CDOT 5K Tac
2315	CDOT 8L TAC
2316	CDOT Hwy 4R
2317	CDOT 8 Tom
2319	CDOT 4Robert
2321	SoCRadioTech
2323	SoCRadioTech
2324	SoCNERadioTc
2325	SoCSERadioTc
2327	SoCData
2329	CDOT Traf-1
2330	CDOT Safety Pgrm
2331	CDOT Traf-2
2347	CSP Troop 9B
2349	DOW NE
2351	DOW Area 1
2352	DOW Area 3
2353	DOW Area 2
2354	DOW Area 4
2355	DOW Area 5
2356	DOW Area 14
2357	CDPHE
2359	ELDORADO OPS
2361	CSP Tac 9B
2362	CSP Troop 8A
2363	CSPHdquartrs
2365	BARR LK OPS2
2366	GLD GATE OPS
2367	GLD GATE TAC
2368	BARR LK OPS1
2369	Demo 2
2370	Demo 3
2371	Demo 4
2372	CHATFLD OPS
2373	CHATFLD TAC
2374	RXBRGH OPS
2375	RXBRGH TAC
2376	CSTLWD OPS
2377	CSTLWD TAC
2378	CHRY CRK OPS
2379	CHRY CRK TAC
2381	CSP Troop1AE
2383	CSP 1A-E Tac
2385	CSP Troop1AW
2387	CSP 1A-W Tac
2389	CSP Troop1DW
2391	CSP 1D-W Tac
2393	CSP Hazmat 1
2395	CO Military Affi
2397	CSPStatewide
2399	CSPMtrCarSft
2401	CSP Troop 1E
2403	CSP 1E Tac
2405	CSP Ops 1
2407	CSP Ops 2
2409	CSP Metro
2411	CDOC DWCF 2411
2412	CDOC DWCF 2412
2415	CDOC DWCF 2415
2417	CDOC DWCF 2417
2419	CDOC DWCF 2419
2421	CDOC DWCF 2421
2423	CDOC DWCF 2423
2425	CDOC DWCF 2425
2427	CDOC DWCF 2427
2429	CDOC TRNSPT
2431	CDOC DWCF 2431
2433	CDOC DWCF 2433
2435	CO Historical
2437	CSPInvstSvc1
2438	CDOC DRDC 2438
2439	CSPMtrcyclTc
2440	CSPInvstSvc2
2441	CSP OfcInTrb
2443	CDOC DRDC 2443
2445	CDOC DRDC 2445
2447	CDOC DRDC 2447
2449	DemoLoveland
2451	CSP Troop 3A
2453	CSP 3A Tac
2455	CSP Troop 3C
2457	CSP 3C Tac
2459	CSP 3D
2461	CSP 3-D Tac
2463	CDOT Hwy 9
2465	CDOT 9 Paul
2467	CDOT 1 Tom
2469	CDOT 5 Tom
2471	CDOT 1 J Tac
2473	CDOT 1 K Tac
2475	CBI Denver
2476	CBI Pueblo
2477	CSP Troop 3B
2479	CSP 3B Tac
2480	ST VRAIN OPS
2481	SV/LORY TAC
2482	BONNY OPS
2483	BNY/N ST TAC
2484	BOYD LK OPS
2485	BOYD LK TAC
2486	JCKSN LK OPS
2487	JCKSN LK TAC
2488	LORY OPS
2489	N STRLNG OPS
2491	CDOT Hwy 1
2492	CDOT 1 L Tac
2493	CDOT 1 M Tac
2494	CDOT 1 P Tac
2495	CDOT 1 John
2496	CDOT 1 Mary
2497	CDOT 1 King
2498	CDOT 1 Paul
2499	CDOT 1 Linc
2500	CDOT Hwy 5
2501	CDOT VP MAC
2502	CDOT 2 Paul
2503	CDOT 5PE Tac
2504	CDOT 5 Linc
2505	CDOT 1 Georg
2506	CDOT 5 Mary
2507	CDOT 5 Paul
2508	CDOT 4 East
2509	CDOT 2 K Tac
2510	CDOT 2 M Tac
2511	CDOT Hwy 2
2512	CDOT 4 Mary
2513	CDOT 4 John
2514	CDOT 4 King
2515	CDOT 4 Linc
2516	CDOT 4 Paul
2517	CDOT 4 Tom
2518	CDOT 4 West
2519	CSP Troop2BW
2520	CSP Troop 2A
2521	CSP 2A Tac
2522	CSP Troop2BE
2523	CSP 2B-E Tac
2524	CSP Troop 2C
2525	CSP 2C Tac
2526	CSP Troop 2D
2527	CSP 2D Tac
2528	CDOC ACC 2528
2529	CDOC ACC 2529
2530	CDOC ACC 2530
2531	CDOC ACC 2531
2532	CDOC ACC 2532
2533	CDOC SCC 2533
2534	CDOC ACC 2534
2535	CDOC AVCF 2525
2536	CDOC AVCF 2536
2537	CDOC AVCF 2537
2538	CDOC AVCF 2538
2539	CDOC AVCF 2539
2540	CDOC AVCF 2540
2541	CDOC AVCF 2541
2542	CDOC BVCC 2542
2543	CDOC BVCC 2543
2544	CDOC BVCC 2544
2545	CDOC BVCC 2545
2546	CDOC BVCC 2546
2547	CDOC BVCC 2547
2548	CDOC BVCC 2548
2549	CDOC BVCC 2549
2550	CDOC BVCC 2550
2551	CDOC CCC 2551
2552	CDOC CCC Custody
2553	CDOC CCC 2553
2554	CDOC CCC 2554
2555	CDOC CCC 2555
2556	CDOC CCC 2556
2557	CDOC CCC 2557
2558	CDOC CCF 2558
2559	CDOC CCF 2559
2560	CDOC CCF 2560
2561	CDOC CCF 2561
2562	CDOC CCF 2562
2563	CDOC CCF 2563
2564	CDOC CCF 2564
2565	CDOC CMC 2565
2566	CDOC CMC 2566
2567	CDOC CMC 2567
2568	CDOC CMC 2568
2569	CDOC CMC 2569
2570	CDOC CMC 2570
2571	CDOC CMC 2571
2572	CDOC CSP 2572
2573	CDOC CSP 2573
2574	CDOC CSP 2574
2575	CDOC CSP 2575
2576	CDOC CSP 2576
2577	CDOC CSP 2577
2578	CDOC CSP 2578
2579	CDOC CTCF 2579
2580	CDOC CTCF 2580
2581	CDOC CTCF 2581
2582	CDOC CTCF 2582
2583	CDOC CTCF 2583
2584	CDOC CTCF 2584
2585	CDOC CTCF 2585
2586	CO WMNS CF
2587	CO WMNS CF
2588	CO WMNS CF
2589	CO WMNS CF
2590	CO WMNS CF
2591	CO WMNS CF
2592	CO WMNS CF
2593	CDOC FCF 2593
2594	CDOC FCF 2594
2595	CDOC FCF 2595
2596	CDOC FCF 2596
2597	CDOC FCF 2597
2598	CDOC FCF 2598
2599	CDOC FCF 2599
2607	CDOC FMCC 2607
2608	CDOC FMCC 2608
2609	CDOC FMCC 2609
2610	CDOC FMCC 2610
2611	CDOC FMCC 2611
2612	CDOC FMCC 2612
2613	CDOC FMCC 2613
2614	CDOC LCF 2614
2615	CDOC LCF 2615
2616	CDOC LCF 2616
2617	CDOC LCF 2617
2618	CDOC LCF 2618
2619	CDOC LCF 2619
2620	CDOC LCF 2620
2621	CDOC PMSC 2621
2622	CDOC PMSC 2622
2623	CDOC PMSC 2623
2624	CDOC PMSC 2624
2625	CDOC PMSC 2625
2626	CDOC PMSC 2626
2627	CDOC PMSC 2627
2628	CDOC SCC 2628
2629	CDOC SCC 2629
2630	CDOC SCC 2630
2631	CDOC SCC 2631
2632	CDOC SCC 2632
2633	CDOC SCC 2633
2634	CDOC SCC 2634
2635	CDOC SCCF 2635
2636	CDOC SCCF 2636
2637	CDOC SCCF 2637
2638	CDOC SCCF 2638
2639	CDOC SCCF 2639
2640	CDOC SCCF 2640
2641	CDOC SCCF 2641
2642	CDOC SCF 2642
2643	CDOC SCF 2643
2644	CDOC SCF 2644
2645	CDOC SCF 2645
2646	CDOC SCF 2646
2647	CDOC SCF 2647
2648	CDOC SCF 2648
2649	CDOC SCF 2649
2650	CDOC TCF 2650
2651	CDOC TCF 2651
2652	CDOC TCF 2652
2653	CDOC TCF 2653
2654	CDOC TCF 2654
2655	CDOC TCF 2655
2656	CDOC TCF 2656
2657	CDOC YOS 2657
2658	CDOC YOS 2658
2659	CDOC YOS 2659
2660	CDOC YOS 2660
2661	CDOC YOS 2661
2662	CDOC YOS 2662
2663	CDOC YOS 2663
2664	CDOC SORT 2664
2665	CDOC InsGen 2665
2666	CDOC InsGen 2666
2667	Parole Denver
2668	Parole Northeast
2669	Parole Southeast
2670	PAROLE TAC-1
2671	PAROLE TAC-2
2672	CDOC SCF 2672
2673	CDOC CSP 2673
2674	SPNNY MT OPS
2675	SPNNY MT TAC
2676	11 MI RES OP
2677	11 MI RES TC
2678	MUELLER OPS
2679	MUELLER TAC
2680	LK PBO OPS
2681	LK PBO TAC
2682	SAN LUIS OPS
2683	SAN LUIS TAC
2684	LATHROP OPS
2685	LATHROP TAC
2686	TRND LK OPS
2687	TRND LK TAC
2688	J MAR RES OP
2689	J MAR RES TC
2690	CO RIV SP OP
2691	CO RIV SP TC
2692	CHYN MT OPS
2693	CHYN MT TAC
2696	CSP Hazmat 2
2697	DOW Area 11
2698	DOW Area 12
2699	DOW Area 13
2700	DOW SE
2701	CO Ag Dept NE
2702	CO Ag Dept SE
2703	CSP Ops 3
2704	CSP 2B-W Tac
2705	AR HWTR OPS
2706	AR HWTR TAC
2707	DFPC Main
2708	DFPC NE
2709	DFPC SE
2710	DFPC East
2711	EPCO Travel
2712	CS Travel
2713	CSU Travel
2714	PPRCN Travel
2715	CO Gaming NE
2716	CO Gaming SE
2717	CO Liquor NE
2718	CO Liquor SE
2719	CO Lottery NE
2720	CO Lottery SE
2721	CO MotCarSv NE
2722	CO MotCarSv SE
2723	CO Revenue NE
2724	CO Revenue SE
2725	CO PK STWD
2726	CDPHE NE
2727	CDPHE SE
2728	CMHI PD
2729	CMHI TAC
2730	CMHI MAINT
2731	CMHI 2731
2732	CMHI 2732
2733	CDOC SORT 2733
2734	CO CAP 1
2735	CO Dpt Labor
2736	CO Brand Insp E
2737	PPCC Sec 1
2738	PPCC Sec Tac
2739	CO Revenue ETac
2740	CO Revenue MTac
2741	DOW Invstgtn
2744	CO CAP 2
2746	DYS Statewide
2747	DYS AYSC 2747
2748	DYS AYSC 2748
2749	DYS BKMYS 2749
2750	DYS BKMYS 2750
2751	DYS GYSC 2751
2752	DYS GYSC 2752
2753	DYS LMYSC 2753
2754	DYS LMYSC 2754
2755	DYS MWFYSC 2755
2756	DYS MWFYSC 2756
2757	DYS MVYSC 2757
2758	DYS MVYSC 2758
2759	DYS PYSC 2759
2760	DYS PYSC 2760
2761	DYS RVYSC 2761
2762	DYS RVYSC 2762
2763	DYS SVYSC 2763
2764	DYS SVYSC 2763
2765	DYS SCYSC 2765
2766	DYS SCYSC 2766
2767	DYS ZPYSC 2767
2768	DYS ZPYSC 2768
2776	CDOT 4 J Tac
2777	CDOT 4 K Tac
2778	CDOT 4 L Tac
2779	CDOT 4 M Tac
2780	CDOT 4 P Tac
2781	StauntonOps
2782	StauntonTac
2797	DHSEM NAWAS
2804	CO Revenue 420
2808	AM1-Lifeguard
2809	AM2-AirLife Denv
2810	AM3-NCMedvac
2811	AM4-PVHFlght
2812	AM5-LifeLine
2813	AM6-Reach
2818	CoHumaneSoc
2819	MedReserveCorps
2820	CDOTITSMaint
2822	CMHIDnvrSec
2825	DHSEM AUX COMM
2828	CDOT Bustang
2990	Englewood PD SA1
2991	Englewood PD SA2
2992	MetroGangTF1
2993	MetroGangTF2
2994	Cent Court Sec
2995	Cent DPW
2996	MetCom 18 Ops
2997	MetCom 19 Ops
2998	MetCom 16 Ops
2999	CO Comm Health 2
3001	ArphoeSO 1
3002	ArphoeSO 2
3003	ArphoeSO 3
3004	ArphoeSO 4
3005	ArphoeSO 5
3006	ArphoeCo EOC
3007	ArphoeSO 6
3008	ArphoeSO RadioTc
3009	ArphoeSO Inv1
3010	ArphoeSO Inv2
3011	ArphoeSO Det1
3012	ArphoeSO Det2
3013	ArphoeSO Supv
3014	ArphoeSO Cmnd
3015	ArphoeCo Clerk
3016	ArphoeCo Bld Mtc
3017	ArphoeCo RB West
3018	ArphoeCo Engr
3019	GrnwdVlg PD 1
3020	GrnwdVlg PD 2
3021	GnwdVlg PD Det
3022	GnwdVlg PD Sup
3023	GnwdVlg PD Admin
3024	GrnwdVlg DPW
3025	GrnwdVlg PD 3
3026	GrnwdVlg City Ad
3027	Glendale PD 1
3028	Glendale PD 2
3029	Glendale LocGov
3030	Green SW
3031	Glendale CityAdm
3032	ArphoeSO ACO
3033	ArphoeCo RB East
3034	Glendale PD Supv
3035	GrnwdVlg Fleet
3036	GrnwdVlg Parks
3037	GrnwdVlg DPW SPO
3038	GrnwdVlg Enginer
3039	GrnwdVlg Buildg
3040	Littleton PD 1
3041	Littleton PD 2
3042	Littleton PD 3
3043	Littleton PD Det
3044	Littleton PD Vol
3045	ArphoeCo Clerk 2
3046	ArphoeCo Bulding
3047	Cent South Parks
3048	ACC Police 1
3049	ACC Police 2
3050	Littleton SchBus
3051	Littleton SchSec
3052	Littleton SchAdm
3053	Littleton SchPrn
3054	Byers Schools
3056	Littleton SchTec
3057	Littleton SchEng
3058	BwMr/ColPD
3059	CherryHls PD 1
3060	CherryHls PD 2
3061	CherryHls DPW
3062	ArphoeCo ResPtrl
3063	ArphoeCo YouthSv
3064	Cent Airport 1
3065	Cent Airport 2
3066	Cent Airport 3
3067	ArphoeCo RB EFlg
3068	CHRY CRK SP1
3069	CHRY CRK SP2
3070	CHRY CRK SP3
3071	ArphoeCo VFD E1
3072	ArphoeCo VFD E2
3073	Byers Fire
3074	ArphoeCo RB WFlg
3075	Englewood PD1
3076	Englewood PD2
3077	Englewood FD1
3078	Englewood FD2
3079	Englewood PD SA3
3080	ArphoeSO PIT
3081	ArphoeSO PIT
3082	ArphoeSO Trn1
3083	ArphoeSO Trn2
3084	ArphoeSO Civil
3085	ArphoeSO Warrant
3086	ArphoeSO Inv
3087	ArphoeSO SWAT
3088	Littleton DPW
3089	Cent ACO
3090	CCSch Maintenanc
3091	CCSch West Trans
3092	CCSch Bus
3093	CCSch East Trans
3094	CCSch Securty
3095	CCSch Emerg Ops
3096	CCSch Cmnd 1
3125	Clear Crk MtnTac
3126	Gilpin Co MAC
3200	Clear Creek MAC
3670	DoloresCo SO Dsp
3671	DoloresCo SO Tac
3672	DoloresCo MAC
3673	DoloresCo FD
3674	Dove Creek FD
3675	Dove Creek EMS
3676	Rico Fire
3996	Air Net
3997	Metro Net
3998	NortheastNet
3999	SoutheastNet
4000	MET MAC 1
4001	MET MAC 2
4002	MET MAC 3
4003	MET MAC 4
4004	NE MAC 5
4005	NE MAC 6
4006	NE MAC 7
4007	NE MAC 8
4008	SE MAC 9
4009	SE MAC 10
4010	SE MAC 11
4011	SE MAC 12
4012	SW MAC 13
4013	SW MAC 14
4014	SW MAC 15
4015	SW MAC 16
4016	NW MAC 17
4017	NW MAC 18
4018	NW MAC 19
4019	NW MAC 20
4020	ST MAC 21
4021	Berthoud FD Admn
4022	USBR East 4022
4023	USBR West
4024	CSU Police 1
4025	FtCollins DialRd
4026	FtCollins Transf
4027	FtCollins Trans1
4028	FtCollins Trans2
4029	FtCollins PD 1
4030	FtCollins PD 2
4031	FtCollins PD 3
4032	FtCollins PD 4
4033	FtCollins PD 5
4034	FtCollins PD 5
4035	LarimerCo DrugTF
4036	Loveland FD 1
4037	Loveland FD 2
4038	Loveland FD 3
4039	Loveland FD 4
4040	Loveland FD 5
4041	Loveland FD 6
4042	Loveland FD Trng
4043	Loveland FD SEMG
4044	Loveland FD Admn
4045	Loveland PD 1
4046	Loveland PD 2
4047	Loveland PD 3
4048	Loveland PD 4
4049	Loveland PD 5
4050	Loveland PD 6
4051	Loveland Power
4052	Loveland Power
4053	Loveland Water
4054	LarimerCo MA 1
4055	LarimerCo MA 2
4056	LarimerCo MA 3
4057	LarimerCo MA 4
4058	NCWCD Admin
4059	NCWCD Disp
4060	NCWCD East
4061	NCWCD West
4062	PRPA ERT
4063	Poudre FD 1 Disp
4064	Poudre FD 2 Ops
4065	Poudre FD 3 Ops
4066	Poudre FD 4 Ops
4067	Poudre FD 6 Admn
4068	PVH Hopital
4069	Poudre FD 5 EMS
4070	PVH EMS Tac 1
4071	PVH EMS Tac 2
4072	ThompsonVlly EMS
4073	Windsor FD 1
4074	Windsor FD 2
4075	FtCollins TranAC
4076	MCKEE ER
4077	NC MEDCTR
4078	EXEMPLA
4079	MEDCNT RKY
4080	Wellington FD 1
4081	Wellington FD 2
4082	CSU Police 2
4083	Berthoud PD
4084	Estes Park PD 1
4085	Estes Park PD 2
4086	Loveland COLT Ds
4087	Loveland COLT Tc
4088	Loveland COLT Ad
4089	Loveland Trsh PU
4121	EMetCom Ops 2
4148	EMetCom Ops 3
4149	EMetCom Ops 4
4150	EMetCom Trng 1
4221	LoganCo LE 1
4222	LoganCo LE 2
4223	LoganCo LE 3
4224	LoganCo LE 4
4225	LoganCo Fire 1
4226	LoganCo Fire 2
4227	LoganCo Fire 3
4228	LoganCo Fire 4
4229	LoganCo Fire 5
4230	LoganCo EMA
4231	LoganCo MAC
4232	LoganCo EMS 1
4233	LoganCo EMS 2
4271	PuebloCo MAC
4272	PuebloCo SO 1
4273	PuebloCo SO 2
4274	PuebloCo SO Tac1
4275	PuebloCo SO Tac2
4276	PuebloCo SO Tac3
4277	PuebloCo SWAT
4278	PuebloCo SO Narc
4279	PuebloCo SO Detv
4280	PuebloCo JailOps
4281	PuebloCo JailTr
4282	PuebloCo JailTac
4283	PuebloCo JailSWA
4284	PuebloCo JailMed
4285	PuebloCo RB 1
4286	PuebloCo RB 2
4287	Boone Fire 1
4288	Boone Fire 2
4289	Boone Fire 3
4290	Rye Fire Disp
4291	Rye Fire Tac
4292	Rye Fire Admin
4293	PuebloCo Health
4294	PuebloCo FD Disp
4295	PuebloCo FD Tac
4296	PuebloCo FD Fgrd
4297	PuebloCo FD Admn
4298	PuebloCo FD Trvl
4299	West Park FD Dis
4300	West Park FD Tac
4301	Red Creek FD Dis
4302	Red Creek FD Tac
4303	PuebloCo Admin 1
4304	PuebloCo Admin 2
4305	PuebloCo Admin 3
4306	TTC FD Disp
4307	TTC FD Tac
4308	Pueblo EmergServ
4309	PuebloCo ESB Tac
4310	PuebloCo MAC 1
4311	PuebloCo EMA 4
4312	PuebloCo EMA 5
4313	PuebloCo EMA 6
4314	PuebloCo EMA Mgr
4315	PuebloCo EMA Com
4316	PuebloCo MAC 2
4317	Pueblo Schools A
4318	Pueblo Schools 1
4319	Pueblo Schools 2
4320	Pueblo Schools 3
4321	Beulah EMS
4322	Beulah FD Disp
4323	Beulah FD Tac
4325	PuebloWestER
4326	Pueblo City MAC
4327	Pueblo PD 1
4328	Pueblo PD 2
4329	Pueblo PD 3
4330	Pueblo PD Tac 1
4331	Pueblo PD Tac 2
4332	Pueblo PD Tac 3
4333	Pueblo PD Travel
4334	Pueblo PD SWAT
4335	Pueblo PD Narc
4336	Pueblo PD Admin
4337	Pueblo PD Emerg
4338	Pueblo FD Disp
4339	Pueblo FD Med 1
4340	Pueblo FD 3
4341	Pueblo FD Tac 1
4342	Pueblo FD Tac 2
4343	Pueblo FD Tac 3
4344	Pueblo FD Admin
4345	Pueblo FD Emerg
4346	Pueblo FD Hazmat
4347	Pueblo Streets
4348	Pueblo RadioShop
4349	Pueblo Wastewatr
4350	Pueblo Traffic
4351	Pueblo Engineer
4352	Pueblo Parks/Rec
4353	Pueblo AirportOp
4354	Pueblo BuildMtce
4355	PuebloCo RB
4356	Pueblo ACO
4357	Pueblo Code Enfc
4358	Pueblo Bus Disp
4359	Pueblo Bus Mtnce
4360	Pueblo Bus SenCi
4361	PuebloW Metro 1
4362	PuebloW Metro 2
4363	PuebloW Metro 3
4364	PuebloW FD Disp
4365	PuebloW FD Tac 1
4366	PuebloW FD Tac 2
4367	PuebloW FD Tac 3
4368	PuebloW FD Travl
4375	FremontCo MAC 1
4376	FremontCo MAC 2
4377	Fremont SO 1
4378	Fremont SO 2
4379	Fremont SO Travl
4380	Fremont SO SAR
4381	Fremont SO Invst
4382	Fremont SO SWAT
4383	Fremont SO Detnt
4384	Fremont SO Amdn
4385	FremontCo FD Wld
4386	FremontCo CIRT
4387	FremontCo FD Dis
4388	FremontCo FD Tac
4389	FremontCo EMA
4390	FremontCo Airprt
4391	FremontCo R&B 1
4392	FremontCo R&B 2
4393	FremontCo R&B 3
4394	FremontCo RB MAC
4395	CanonCity PD Inv
4396	CanonCity PD Nar
4397	CanonCity PD Spc
4398	CanonCity PD Adm
4399	CanonCity PD Trv
4400	CanonCity PD Tng
4401	Central Mtn Trng
4402	CanonCity PD LIC
4403	CanonCity FD Dis
4404	CanonCity FG 1
4405	CanonCity FG 2
4406	CanonCity FD Tng
4407	CanonCity FD Adm
4408	CanonCity FD Evt
4409	CanonCity FD Emg
4410	Florence PD 1
4411	Florence PD 2
4412	Florence PD Admn
4413	Florence PD Inv
4414	Florence PD LIC
4415	Florence FD Disp
4416	Florence FD FG
4417	Florence FD Tac
4418	Florence FD Admn
4419	Penrose FD Disp
4420	Penrose FD Tac
4421	St Thomas Hosp 1
4422	St Thomas Hosp 2
4425	Tallahasse FD 1
4426	Tallahasse FD 2
4427	Royal Gorge FD
4428	Ark Valley EMS 2
4429	WFC FPD Disp
4430	WFC FPD Tac
4431	NWFremntEMS1
4432	NWFremntEMS2
4433	Ark Valley EMS 1
4434	Ark Valley EMS 3
4435	DeerMtn FD 1
4436	DeerMtn FD 2
4437	Cotopaxi FD 1
4438	Cotopaxi FD 2
4439	Indian Sprgs FD
4440	FremontCo CMRRT
4450	10thDistProb
4451	PuebloCo EMS/AMR
4453	S RIC Call
4454	S RIC Fire
4455	S RIC Law
4456	S RIC EMS
4500	KCOS Ops 1
4501	KCOS Airfield 1
4502	KCOS Facilities1
4503	KCSO Attendant
4504	KCOS Ops 2
4505	KCOS Airfield 2
4506	KCOS Facilities2
4507	KCOS Event 1
4508	KCOS Event 2
4509	KCOS Alert
4510	CS Engineering
4511	CS Manager 1
4512	CS Manager 2
4513	CS EMA
4514	CS City Services
4515	CS Fleet Serv 1
4516	CS Fleet Serv 2
4517	CS Fleet Serv 3
4518	CS Fleet Serv 4
4519	CS Fleet Serv 5
4523	CS Animal Contrl
4524	CS Parks/Rec 1
4525	CS Parks/Rec 2
4526	CS Parks/Rec 3
4527	CS Parks/Rec 4
4528	CS Parks/Rec 5
4529	CS Parks/Rec 6
4530	CS Parks/Rec 7
4531	CS Parks/Rec 8
4532	CS Parks/Rec 9
4533	CS Parks/Rec 10
4534	CS Parks/Rec 11
4535	CS Parks/Rec 12
4536	CS Parks/Rec 13
4537	CS Parks/Rec 14
4538	CS Parks/Rec 15
4539	CS Parks/Rec 16
4540	EPCO DOT PP 1
4541	EPCO DOT PP 2
4542	EPCO DOT PP 3
4543	CS Radio Shop
4544	EPCO Radio Shop
4545	CS Streets 1
4546	CS Streets 2
4547	CS Streets 3
4548	CS Streets 4
4549	CS Streets 5
4550	CS Traffic Eng
4551	CS Streets A
4552	CS Streets B
4553	CS Metro Bus 1
4554	CS Metro Bus 2
4555	CS Metro Bus 3
4556	CS Metro Bus 4
4557	CS Metro Bus 5
4558	CS Metro Bus 6
4559	CS Metro Bus 7
4563	MMRS
4564	MMRS HSP
4565	MMRS CNSLT
4566	MMRS EOC
4570	CSPD Staff
4571	CSPD IA
4572	CSPD Acadmy
4573	EPSO Court Sec
4574	CSPD Supervisors
4575	CSPD Falcon 1
4576	CSPD Falcon 2
4577	CSPD Falcon 3
4578	CSPD Goldhill 1
4579	CSPD Goldhill 2
4580	CSPD Goldhill 3
4581	CSPD Sandcreek 1
4582	CSPD Sandcreek 2
4583	CSPD Sandcreek 3
4584	CSPD Stetson 1
4585	CSPD Stetson 2
4586	CSPD Stetson 3
4587	CSPD Central 1
4588	CSPD Centra 2
4589	CSPD Tactical 1
4590	CSPD Tactical 2
4591	CSPD Tactical 3
4592	CSPD VNI 1
4593	CSPD VNI 2
4594	CSPD VNI 3
4595	CSPD VNI 4
4596	CSPD VNI 5
4597	CSPD INV-1
4598	CSPD INV-2
4599	CSPD INV-3
4600	CSPD Citywide
4601	CSPD Fleet
4602	CSPD Metro Tac
4620	CSFD 1 Disp
4621	CSFD 2 Alt Disp
4622	CSFD 3
4623	CSFD 4 Command
4624	CSFD 5 Tactical
4625	CSFD 6 Command
4626	CSFD 7 Tactial
4627	CSFD 8 Command
4628	CSFD 9 Tactical
4629	CSFD 10 Command
4630	CSFD 11 Tactical
4631	CSFD 12 Staging
4632	CSFD 13
4633	CSFD Admin
4634	CSFD Training
4635	CSFD Prevention
4636	CSFD Arson
4637	CSFD Chief 1
4638	CSFD Chief 2
4639	CS Traffic Signl
4650	CSU ITS
4651	CSU Telecomm
4652	CSU Credit
4653	CSU C Locate
4654	CSU Field 1
4655	CSU Field 2
4656	CSU Field 3
4657	CSU Meter
4658	CSU DRT Response
4659	CSU Electric N
4660	CSU Electric S
4661	CSU Electric CTT
4662	CSU Wire North
4663	CSU Wire South
4664	CSU Tree Trim
4665	CSU ELC Trouble
4666	CSU ELC Switch
4667	CSU Outage 1
4668	CSU Outage 2
4669	CSU ELC Substatn
4670	CSU ELC Dept
4671	CSU Power
4672	CSU Gas Constrct
4673	CSU Gas Corrosn
4674	CSU Gas Develp
4675	CSU Gas Control
4676	CSU Barricades
4677	CSU Gas Leak
4678	CSU Gas Dept
4679	CSU WRD Ops
4680	CSU W Constrct 1
4681	CSU W Constrct 2
4682	CSU RIC
4683	CSU ISD/ESD
4684	CSU Collections
4685	CSU W Treatment
4686	CSU WRD Depart
4687	CSU ELC Drake
4688	CSU ELC Nixon
4689	CSU BIRDSAL
4690	CSU Drake Coal
4691	CSU Nixon Coal
4692	CSU Crisis
4693	CSU Wildland Tac
4694	CSU SP1
4695	CSU Dispatch
4697	CSU Security
4710	EPSO 1 N Disp
4711	EPSO 2 Tac 1
4712	EPSO 3 S Disp
4713	EPSO 4 Tac 2
4714	EPSO 5
4715	EPSO 6
4716	EPSO 7
4717	EPSO 8
4718	EPSO 9
4719	EPSO 10
4720	EPSO 11
4721	EPSO 12
4722	EPSO 13
4723	EPSO 14
4724	EPSO 15
4725	EPSO CJC
4726	EPSO Metro
4727	EPSO Transport
4728	EPSO CJC SRT
4729	EPSO CJC I/R
4730	EPCO FD Marshal
4731	EPCO EMA
4732	EPSO SAR
4740	EPCO DOT 1
4741	EPCO DOT 2
4742	EPCO DOT 3
4743	EPCO DOT 4
4744	EPCO DOT 5
4745	EPCO DOT 6
4746	EPCO DOT 7
4747	EPCO DOT 8
4748	EPCO DOT 9
4749	EPCO DOT 10
4750	EPCO DOT 11
4751	EPCO DOT 12
4752	EPCO Parks 1
4753	EPCO Facility 1
4754	EPCO Facility 2
4755	EPCO Security
4756	EPCO Coroner
4757	EPCO Dist Atty 1
4758	EPCO Dist Atty 2
4759	CS Solid Waste 1
4760	CS Solid Waste 2
4770	EPCO FD Red
4771	EPCO FD Silver
4772	EPCO FD Yellow
4773	Peyton FD
4774	Calhan FD
4775	Tri-County FD
4776	Edison FD
4777	Hanover FD
4778	Falcon FD
4779	Ellicott FD
4780	Cimarron Hill FD
4781	Security FD
4782	Stratmoor Hil FD
4783	Highway 115 FD
4784	Wescott FD
4785	Woodman Vly FD
4786	Woodmoor FD
4787	Tri-Lakes FD
4788	Black Forrest FD
4789	Broadmoor FD
4790	Green Mtn Fls FD
4791	Cascade FD
4792	Palmer Lake FD
4810	Fountain FD 10
4811	Fountain FD 2
4812	Fountain PD 1
4813	Fountain PD 2
4814	Fountain Admin
4815	Fountain Elect
4816	Fountain Parks
4817	Fountain Streets
4818	Fountain Water
4821	Fountain FD 15
4822	Fountain FD 5
4830	Manitou FD Admin
4831	Manitou FD 1
4832	Manitou FD 2
4833	Manitou FD 3
4834	Manitou PD 1
4835	Manitou PD 2
4836	Manitou Electric
4837	Manitou Parks
4838	Manitou Streets
4839	Manitou Water
4850	WdldPrk PD OIT
4851	NWTeller FD 1
4852	NWTeller FD 2
4853	WdlndPrk PD 1
4854	WdlndPrk PD 2
4875	Monument Events
4880	GM FLS SP EV
4895	AMR 1
4896	AMR 2
4897	AMR 3
4900	CS SD11 Sec 1
4901	CS SD11 Sec 2
4911	UCCS PD 1
4912	UCCS PD 2
4913	PPCC PD 1
4915	CHYN MT OPS
4930	Mem Hosp Sec 1
4931	Mem Hosp Sec 2
4932	Mem Hosp Shuttle
4933	Mem Hosp Mtce
4934	Mem Hosp CM02
4935	Mem Hosp 6
4940	EPCO C2 Command
4941	EPCO C3 Ops
4942	EPCO C4 Command
4943	EPCO C5 Ops
4944	EPCO C8 Brown
4945	EPCO C6 Commnad
4946	EPCO C7 Ops
4947	EPCO C9 Orange
4948	Mem Hosp ER
4949	Penrose Hosp ER
4950	Penrose Hosp
4951	Fort Carson ACH
4952	USAFA ER
4953	Mem Hosp North
4954	StFrancis Med ER
4956	UCH PPRH 4956
4957	Academy D20 Safe
8001	SoCWRadioTc
8002	CDOC SCC
8003	CDOC RCC 8003
8004	CDOC RCC 8004
8005	CDOC RCC 8005
8006	CDOC RCC 8006
8007	CDOC RCC 8007
8008	CDOC RCC 8008
8009	CDOC DCC 8009
8010	CDOC DCC 8010
8011	CDOC DCC 8011
8012	CDOC DCC 8012
8013	CDOC DCC 8013
8014	CDOC DCC 8014
8015	CDOC DCC 8015
8016	CDOC TRNSP
8017	Parole West
8018	CDOT HLT Ops
8019	CDOT 2 John
8020	CDOT 2 King
8021	CDOT 2 Georg
8022	CDOT 2 Linc
8023	CDOT 2 Tom
8024	CDOT Hwy 3
8025	CDOT 3 John
8026	CDOT 3 King
8027	CDOT 3 Mary
8028	CDOT 3 Tom
8029	CDOT Hwy 6
8030	CDOT 6 John
8031	CDOT 6 King
8032	CDOT 6 Tom
8033	CDOT Hwy 7
8034	CDOT 7 John
8035	CDOT 7 Linc
8036	CDOT 7 Paul
8037	CDOT 7 Tom
8038	STMBT LK OPS
8039	STMBT LK TAC
8040	PEARL LK OPS
8041	PEARL LK TAC
8042	YAMPA RV OPS
8043	YAMPA RV TAC
8044	STGCH OPS
8045	STGCH TAC
8046	SYLVN LK OPS
8047	SYLVN LK TAC
8048	HRVY GAP OPS
8049	HRVY GAP TAC
8050	RIFLE FLS OP
8051	RIFLE FLS TC
8052	RIFLE GAP OP
8053	RIFLE GAP TC
8054	HILINE LK OP
8055	HILINE LK TC
8056	VEGA OPS
8057	VEGA TAC
8058	PAONIA OPS
8059	PAONIA TAC
8060	CRWFRD OPS
8061	CRWFRD TAC
8062	SWEITZER OPS
8063	SWEITZER TAC
8064	RIDGWAY OPS
8065	RIDGWAY TAC
8066	MANACOS OPS
8067	MANACOS TAC
8068	NAVAJO OPS
8069	NAVAJO TAC
8070	SouthwestNet
8071	NorthwestNet
8072	CBI West CO
8073	Montrose PD 1
8074	Montrose PD 2
8075	Montrose PD 3
8076	Montrose PD Tac
8077	MntroseCo MAC
8078	MntroseCo SO Dis
8079	MntroseCo SO Tac
8080	Montrose FD Disp
8081	Montrose FD Tac
8082	MntroseCo SO 2
8086	CDOT 2 Mary
8087	Alamosa PD Disp
8088	ARCC 3 PD
8089	ConejosCo LE Dis
8090	ARCC 5 SLV FD
8091	ARCC 6 Incident
8094	Moffat Co SO/CPD
8095	CAIC Ops
8096	DHSEM NW
8097	DHSEM W
8098	DHSEM SW
8099	DHSEM SL
8100	CSP Troop 4C
8101	CSP 4C Tac
8102	CSP Troop 4A
8103	CSP 4A Tac
8104	CSP Troop 4B
8105	CSP 4B Tac
8108	CSP Ops 4
8109	CSP Hazmat 4
8110	CSP Troop 5A
8111	CSP 5A Tac
8112	CSP Troop 5B
8113	CSP 5B Tac
8114	CSP Troop 5C
8115	CSP 5C Tac
8116	CSP Ops 5
8117	CSP Hazmat 5
8118	CO Ag Dept W
8119	DFPC
8120	DFPC
8121	DFPC West
8122	DOW NW
8123	DOW Area 6
8124	DOW Area 7
8125	DOW Area 8
8126	DOW Area 9
8127	DOW Area 10
8128	DOW Area 15
8129	DOW Area 16
8130	DOW Area 17
8131	DOW Area 18
8132	DOW SW
8133	EGrandMedCtr
8134	ASPEN V HSP
8135	SUMMEDBIRTH
8136	BRECKEN MED
8137	COMUNTY HSP
8138	CONEJOS HSP
8139	Delta Co MemHosp
8140	COCanyonHosp
8141	GRANBY MED
8142	GND RVR MED
8143	GUNNISN HSP
8144	KREMLNG HSP
8145	MEMORIALCG
8146	MERCY MED
8147	MONTRSE HSP
8148	RIOBLAN HSP
8149	RANGLEY HSP
8150	RIO GND HSP
8151	SANLUIS MED
8152	SWHELTH HSP
8153	STMARYGJ HSP
8154	STVNCNT HSP
8155	SUMMIT MED
8156	VA Hospital
8157	VAIL MED
8158	VALYVEW HSP
8159	UCH Yampa Valley
8160	RETAC C Mtn
8161	ER MAC
8162	RETAC NW
8163	RETAC San Luis V
8164	RETAC SW
8165	REATAC W
8166	Public Health NW
8167	Public Heath W
8168	Public Health SW
8169	PublicHealth SLV
8170	CO Liquor NW
8171	CO Liquor SW
8172	CO Lottery NW
8173	CO Lottery SW
8174	CO MotCarSv NW
8175	CO MotCarSv SW
8176	CO Revenue NW
8177	CO Revenue SW
8178	CO Revenue WTac
8180	AlamosCo MAC
8181	AlamosCoEMS E Ds
8182	AlamosCoEMS E Tc
8183	AlamosCoEMS W Ds
8184	AlamosCoEMS W Tc
8185	AlamosCo FD
8186	Mosca FD Tac
8187	Mosca/Hooper FD
8189	Alamosa PD Tac 1
8192	Alamos SO Det
8193	Alamos SO Tac
8194	NPS GSD Rangers
8195	Alamosa PD Tac 2
8196	SLV Hazmat
8198	SaguacheCo EMS
8199	Alamos SO Disp
8200	Alamosa Sch Admn
8201	Alamosa Sch Bus
8202	Sangre Schools
8230	Costilla Co MAC
8231	CostillaCo FD Ds
8232	CostillaCo FD Tc
8233	Costilla SO Disp
8234	Costilla SO Tac
8235	Blanca PD Tac
8255	ConejosCo MAC
8256	ConjosCo Fire
8257	Antonito FD
8258	SConejos FPD
8259	La Jara FD Carml
8260	Capulin FD
8261	La Jara FD
8262	Sanford FD
8263	Manassa FD
8264	ConejosCo LE Cmn
8265	Conejos SO Tac
8266	Sanford PD
8267	La Jara PD
8268	Manassa PD
8269	Antonito PD
8280	MineralCo MAC
8281	MineralCo FD Dis
8282	MineralCo FD Tac
8283	MineralCo LE D
8284	MineralCo LE Tac
8285	Creede School
8286	MineralCo LE Tac
8305	RioGndCo MAC
8306	MonteVistaFD Tac
8307	MonteVistaFD Dis
8308	Del Norte FD Tac
8309	SouthFork FD Tac
8310	RioGndCo SO Dis
8311	RioGndCo SO Tac
8312	MonteVistaPD Dis
8313	MonteVistaPD Tac
8314	SouthFork/DelNrt
8315	SouthFork PD Tac
8316	Del Norte PD Tac
8330	SagucheCo MAC
8331	Baca Grande FD T
8332	SaguacheCo FD Ds
8333	SaguacheCo FD Tc
8334	Center FD
8335	SaguacheCo SO
8336	SaguacheCo SO
8337	Center PD Disp
8338	Center PD Tac
8343	Jackson Co MAC
8344	Jackson Co SO 1
8345	Jackson Co SO 2
8355	Craig FD/EMS
8356	Moffat Co EMS Ax
8357	Craig PD Tac
8358	Moffat Co SO Tac
8359	Moffat Co MAC
8360	Moffat Co SO Det
8361	Craig FD Tac
8362	Moffat Co EMS 4
8363	Moffat Co Tac
8364	Artesia FD Tac
8365	Moffat Co SERT1
8366	Moffat Co SERT2
8367	Moffat Co SO Inv
8368	DOW Aqtcs W
8369	Parks Tac
8370	BLM West
8371	CO Brand Insp W
8373	State Parks
8374	DOW SW Tac
8375	USFS NW
8376	USFS SW
8380	DFPC
8381	DEA West CO
8383	USFW 1
8385	USFW 2
8392	KYSTN MED CN
8396	SW RIC A
8397	SW RIC B
8398	SW RIC C
8399	SW RIC D
8400	Durango PD 1
8401	LaPlataCo MAC
8402	Durango Transit1
8403	Durango Transit2
8404	Durango Water
8406	Durango ParkEnfc
8410	Durango PubWrk 1
8411	Durango PubWrk 2
8412	Dur/LaPl Air 1
8413	Dur/LaPl Air 2
8414	Durango PD 2
8418	LaPlataCo SO 1
8419	LaPlataCo SO 2
8424	LaPlataCo R&B
8426	LaPlataCo SAR 1
8427	LaPlataCo SAR 2
8428	LaPlataCo EOC 1
8429	LaPlaaaCo EOC 2
8430	Mesa Co MAC
8431	GJ Police 1 Disp
8432	Mesa SO Disp
8433	GJ Police 3 Rec
8434	GJ Police 4 Invs
8435	WCO Drug TF 5
8436	GJ Inc Tac 1
8437	GJ Inc Tac 2
8438	GJ Inc Tac 3
8439	GJ Inc Tac 4
8440	GJ Police SWAT
8441	GJ Fire Disp
8442	GJ Fire Tac 2
8443	GJ Police 2 Car
8444	DeBeque PD Car
8445	Collbran Police
8446	Fruita PD Car
8447	Palisade PD Car
8448	Mesa SO Jail 1
8449	Mesa SO Jail 2
8450	Mesa SO Crt Sec
8451	Mesa SO Transprt
8452	Mesa SO SAR
8453	Mesa SO Rural
8454	Mesa SO Cmnd Stf
8455	Mesa SO Invst
8456	Mesa SO Invst
8457	Mesa SO Tac/Trgn
8458	Mesa Co Roads 1
8459	Mesa Co Roads 2
8468	CLETA
8470	Delta Co MAC
8471	Mntr/Delta DTF 1
8472	Mntr/Delta DTF 2
8473	Delta Co SO
8474	Delta Co SO Tac
8475	Delta Co SAR
8476	Delta Co EMS
8477	Delta PD
8478	Delta FD Tac
8479	Cedaredge PD
8480	Cedaredge FD
8481	Crawford FD
8482	Hotchkiss PD
8483	Hotchkiss FD
8484	Paonia PD
8485	Paonia FD
8486	North Fork EMS
8489	W Elk SAR
8491	WCU Rescue
8493	Gunnison EMS
8497	Gunnison FD
8500	GunnCo MAC
8501	Gunnison PD
8506	CrestedButte FD
8509	CrestedButte EMS
8511	CrestedButte LE
8518	GunnCo LE
8520	GunnCo Travel
8521	CrestedButte Inc
8522	Gunnison Incidnt
8523	MtCrestButte PD
8527	Conejos SO
8530	Ouray Co MAC
8531	Ouray Co SO Disp
8532	Ouray Co SO Tac
8560	SanMgl MAC
8561	SanMgl SO Dis
8562	SanMgl SO Ops
8563	SanMgl SO Tac
8564	SanMgl SO Car
8565	SanMgl SO Admn
8566	SanMgl R&B A
8567	SanMgl R&B B
8568	SanMgl R&B Adm
8569	SanMgl Courts
8570	Norwood PD
8571	SanMgl SO Trng
8572	Norwood PD Ops
8573	Norwood Fire
8574	Norwood EMS
8575	SanMgl SAR 1
8576	SanMgl SAR Disp
8577	Egnar Fire
8578	SanMgl EMA
8579	SanMgl SO Jail A
8580	SanMgl SO Jail B
8581	SnMgl SO Trnsp
8582	SanMgl SO JlAdm
8583	SanMgl Corner
8590	SanJuanCo MAC
8591	SanJuanCo SO Dis
8592	SanJuanCo SO Tac
8593	SanJuanCo SAR
8594	SanJuanCo R&B
8595	Silverton Fire
8596	Silverton EMS
8620	HnsdaleCo MAC
8621	HnsdaleCo SO Dis
8622	HnsdaleCo SO Tac
8623	HnsdaleCo Govt
8627	HnsdaleCo RB 2
8633	HinsdaleCo SAR 2
8636	Lake City FD
8650	MntezmaCo MAC
8651	MntezmaCo SO Dis
8652	MntezmaCo SO Tac
8653	MntezmaCo SO Det
8654	MntezmaCo SO Trn
8655	MntezmaCo SAR
8656	Pleasant View FD
8657	MntezmaCo Fire
8658	Ute Mountain FD
8659	Cortez Fire
8660	Mancos Police
8661	Mancos Fire
8662	Lewis Arola Fire
8663	MntezmaCo SAR K9
8664	Cortez PD Disp
8665	Cortez PD Tac
8680	ArchuletaCo MAC
8681	PagosaSpg FD1
8683	PagosaSpg PD1
8685	PagosaSpg EMS
8687	PagosaSpg PD2
8688	Archuleta SO
8690	ArchuletaCo SAR
8691	PagosaSpg FD2
8693	ArchuletaCo Tac1
8694	ArchuletaCo Arpt
8695	ArchuletaCo R&B
8696	ArchuletaCo Sch
8697	ArchuletaCo Tac2
8710	Chaffee Co MAC
8711	Chaffee Co PS
8712	Chaffee Co Travl
8713	Chaffee FD Tac 5
8714	Chaffee FD Tac 6
8716	Chaffee FD Tac 2
8717	Chaffee Co EMA
8718	Chaffee LE Sec 1
8719	Chaffee LE Tac 1
8720	Chaffee FD Sec 2
8721	Chaffee FD Tac 3
8722	Chaffee LE Sec 2
8723	Chaffee LE Tac 2
8724	Chaffee FD Sec 4
8725	South Ark FD Tac
8726	Chaffee FD Sec 3
8727	Chaffee FD Tac 4
8728	Chaffee LE Sec 3
8729	Chaffee LE Tac 3
8730	Buena Vista DPW
8731	Chaffee Co R&B
8732	Salida DPW
8740	Olathe PD Disp
8741	Olathe PD Tac
8742	MntroseCo SO W
8743	MntroseCo SO Pos
8744	MntroseCo SO Cor
8745	MntroseCo RB 1
8746	MntroseCo RB 2
8747	Olathe FD Disp
8748	MntroseCo Travel
8749	Montrose DPW
8750	Paradox Fire
8751	Ncla/Ntrta FD
8752	Montrose FD Ops
8753	Montrose Air FD
8754	Montrose Air Ops
8755	Ncla/Nrta FDTac
8756	MntroseCo RB
8758	MntroseCo RB Wk2
8785	Ute Mountain PD1
8786	Ute Mountain PD2
8787	Ute Mountain PDT
8788	Ute Mountain FD1
8789	Ute Mountain FD2
8790	Ute Mountain FDT
8810	SummitCo EMS
8811	SummitCo EMS Tac
8812	SummitCo LE
8813	SummitCo EmergSv
8814	SummitCo Schools
8815	SummitCo Schools
8816	SummitCo Schools
8817	SummitCo Schools
8818	SummitCo Schools
8819	SummitCo StageBs
8820	Snow MAC
8840	Eagle Co MAC
8841	Eagle Co SO
8842	Eagle Co LE W
8843	Eagle Co LE E
8844	Eagle Co LE 1
8845	Eagle Co LE 2
8846	Eagle Co LE 3
8847	Eagle Co Sec
8848	Eagle Co Travel
8849	Eagle Co W Fire
8850	Eagle Co E Fire
8851	Eagle Co ES 1
8852	Eagle Co ES 2
8853	Eagle Co ES 3
8854	Eagle Co EMS W
8855	Eagle Co EMS E
8856	Eagle Co ARFF
8859	Eagle Co DPW
8860	Avon Police
8861	Eagle PD
8862	Eagle FD
8863	Eagle River FD
8864	Gypsum Fire
8865	Minturn PD
8866	Vail PD
8867	Vail FD
8868	Rock Creek FD
8869	Vail Mtn Rescue
8870	Vail DPW
8871	Vail Bus System
8873	Avon DPW
8875	AvonTransportatn
8876	Eagle Co ACO
8877	Eagle Co R&B
8878	Eagle Co ES 4
8879	Eagle Co LE 4
8885	GrandCo MAC
8886	GrandCo Safety
8887	GrandCo EMS Tac1
8888	GrandCo EMS Tac2
8890	GrandCo Ops 1
8891	GrandCo Ops 2
8892	GrandCo Ops 3
8893	GrandCo Ops 4
8894	GrandCo Ops 5
8895	GrandCo LE 6
8911	GfldCo R&B 1
8912	GfldCo R&B West
8913	GfldCo R&B East
8914	GfldCo R&B 2
8915	RFSD Bus
8916	RFSD Travel
8917	Carbndale FD Dis
8918	Carbndale FD Tac
8919	Carbndale PD Dis
8920	Carbndale PD Tac
8921	GfldCo SD 16
8922	GfldCo SD 16
8923	HolyCrsGlnwd
8924	HolyCrsAspen
8925	HolyCrsVail
8926	HolyCrossTac
8928	HolyCrossAll
8929	GfldCo Jail
8930	GfldCo Court Sec
8931	GfldCo Jail Tac
8932	GfldCo Jail Trns
8933	GfldCo SO Inv
8934	GfldCo SAR
8944	GunnCo EMA
8946	GunnCo SO 1
8947	GunnCo SO 2
8950	CBI Montrose
8951	CBI Tac-3
8952	CDOT EJT MAC
8953	CDOT HLT MAC
8956	FtLewis College
8958	7thJudDstPrb
8961	DYS GMYSC 8961
8962	DYS GMYSC 8962
8963	DOW A18 Tac
8964	CO SAR Ops
8965	CDOT 2P Tac
8975	GfldCo FD Disp
8976	GfldCo LE 1
8977	GfldCo LE 2
8978	GfldCo LE Record
8979	GfldCo LE MAC
8980	GfldCo MAC 1
8981	GfldCo MAC 2
8982	GfldCo MAC 3
8983	GfldCo FD MAC
8984	GfldCo LE Tac 1
8985	GfldCo LE Tac 2
8986	GfldCo LE Tac 3
8987	GfldCo LE Tac 4
8988	GfldCo LE Tac 5
8989	GfldCo LE Tac 6
8990	GfldCo LE Tac 7
8991	GfldCo LE Tac 8
8992	GfldCo LE Tac 9
8993	GrandVallyFD
8994	CRFR R Tac
8995	West Care EMS
8996	CRFR BM Tac
8997	Glenwood Sprg FD
8998	Carbndale FD Tac
8999	9thJDDistAtt
9002	Haxtun Fire
9003	Holyoke FD 1
9004	Holyoke FD 2
9005	Amherst Fire
9008	Phillips SO 1
9009	Phillips SO 2
9010	Phillips SO 3
9020	Philips MAC
9021	Sedgwick Co MAC
9022	WshngtnCoMAC
9023	YumaCo MAC
9026	CO Revenue 9026
9027	Morgan Co MAC
9028	Morgan Co SO1
9029	Morgan Co SO2
9030	Morgan Co SO3
9031	MorganCoFD1
9032	Brush Fire Ops
9033	FtMorgan Fire Op
9034	MorganCoEMS
9035	MorganEMSOps
9036	Morgan SO Tac 1
9037	Morgan SO Tac 2
9038	YumaCo LE 1
9039	YumaCo Tac 1
9040	YumaCo Tac 3
9041	YumaCo Tac 3
9042	YumaCo Fire
9043	YumaCo EMS
9044	WshgtnCoLaw1
9045	WshCoFDTac1
9046	WshCoFDTac2
9047	WshCoFDTac3
9048	WshgtnCoFD
9049	WshgtnCoEMS
9050	Wiggins Fire Ops
9051	Hrs/SnyFDOps
9052	MrgnCoExpTns
9053	YumaCo EMS ENC
9054	Wash/YumaEMS
9055	13thJudclDst
9056	Rampart SAR
9057	LgnCoExp Bus 1
9058	LgnCoExp Bus 2
9059	Mtn States EMS
9060	Morgan CO Jail
9100	BouldrCo LE1
9101	BouldrCo LE2
9102	BouldrCo Jail
9103	BouldrCo Travel
9104	BouldrCo FD 1
9105	BouldrCo FD 2
9106	BouldrCo FD 3
9107	BouldrCo OEM
9108	BouldrCo FD CMD
9109	BouldrCo RadioT
9110	BouldrCo MAC
9111	Rocky Mtn FD FG
9112	Rocky Mtn FD Adm
9113	Mtn View FD 1
9114	Mtn View FD 2
9147	PRPA Ops 1
9148	PRPA Ops 2
9149	PRPA Ops 3
9150	LarimerCo SO 1
9151	LarimerCo SO 2
9152	LarimerCo SO 3
9153	LarimerCo SO 4
9154	LarimerCo SO Inv
9155	LarimerCo SO SWT
9156	LarimerCo Travel
9157	LarimerCo FD Dis
9158	LarimerCo Parks1
9159	LarimerCo Parks2
9160	LarimerCo RB S
9161	LarimerCo RB W
9162	LarimerCo RB N
9163	LarimerCo Jail
9164	LarimerCo ACO
9165	LarimerCo Fair
9166	LarimerCo EMS
9167	LarimerCo SAR
9168	LarimerCo 9168
9169	Poudre FD RIT
9170	Estes Park EMS
9171	LarimerCo 9171
9172	LarimerCo LandOf
9173	LarimerCo 9173
9174	LarimerCo 9174
9200	Sedgwick SO Dis
9201	Sedgwick SO Tac
9205	Sedgwick EMS
9206	Sedgwick Co FD
9250	SWWshgtnCoFD
9251	Idalia Fire
9252	S Yuma EMS
9253	YumaCo Schools
9300	Estes Park FD Ds
9301	Estes Park FD FG
9302	Estes Park Event
9303	Estes Park PD 3
9304	Estes Park Power
9305	Estes Park DPW 1
9306	Estes Park DPW 2
9307	FtCollins Power1
9308	FtCollins Power2
9309	FtCollins Power3
9310	FtCollins Util
9311	FtCollins Water1
9312	FtCollins Water2
9316	FtCollins Street
9453	UC Longs Peak
9462	CSU Police 3
9463	WYCO 1
9464	WYCO 2
9465	WYCO 3
9466	WYCO 4
9467	WYCO Net
9468	UCH PoudreV Hosp
9491	USBR Supervisors
9492	USBR Green Mtn
9493	USBR Estes Park
9494	USBR FlatIron
9495	USBR Pueblo
9496	USBR Leadville
9497	USBR Twin Lakes
9498	USBR Meredith
9499	USBR East 9499
9500	Auraria PD 1
9501	Auraria PD 2
9515	Lngmnt PD 1
9516	Lngmnt PD Tac 3
9517	Lngmnt PD Rcrd
9518	Lngmnt PD Tac1
9519	Lngmnt PD Tac 2
9520	Lngmnt PD SWAT
9521	Lngmnt PD Det
9522	Lngmnt FD 1
9523	Lngmnt FD 2
9524	Lngmnt FD Tac 1
9525	Lngmnt FD Tac 2
9526	Lngmnt FD Tac 3
9527	Lngmnt EOC
9528	Lngmnt Code Enfc
9529	Lngmnt Water 1
9530	Lngmnt Water 2
9531	Lngmnt Pwr/Com
9532	Lngmnt PW
9533	Lngmnt Utilities
9534	Lngmnt Streets
9535	Lngmnt Sanitatin
9536	Lngmnt Parks
9537	Lngmnt Fleet
9539	BVSD Security
9540	Mtn View FD 3
9541	Mtn View FD 4
9542	Allenspark FD 1
9543	Allenspark FD 2
9544	BouldrCo Drug TF
9545	BouldrCo LandUse
9546	Boulder PD 3
9547	Boulder PD 4
9548	Boulder PD 5
9549	Boulder PD 6
9550	Boulder FD 3
9551	Boulder FD 4
9552	Boulder FD 5
9553	Boulder FD 6
9554	Boulder City Adm
9555	Boulder Tech Stf
9556	RckyMtnRscue
9561	Lngmnt PD SEU 2
9565	Lngmnt LEU Ops
9566	BouldrCo LE Tac1
9571	BouldrCo LE Rec
9573	BouldrCo LE3
9574	Hygiene FD 2
9575	Lafayette PD 2
9578	Nederland FD
10004	JFCO Sc Sec2
10005	JC Sch Bus C
10006	JC Sch Bus S
10007	JC Sch Bus W
10008	JC Sch BusN
10009	JFCO Schools
10010	JFCO Schools
10011	JFCO Schools
10015	DU Security 1
10016	DU Security 2
10017	DU Security 3
10018	DU Security 4
10040	RTD Emergenc
10041	RTD Coach Mech
10042	RTD Bus Disp 1
10043	RTD Bus Schdlg
10044	RTD Bus Requests
10045	RTD Bus Disp
10046	RTD Bus Dispatch
10047	RTD Bus Mech 2
10050	RTD Fallback 2
10051	RTD All Call
10052	RTD Veolia
10053	RTD IT Dept
10055	RTD Bus Disp 2
10056	RTD Bus Disp 3
10057	RTS Denvr Bus
10058	RTD Radio Serv
10060	RTD Supervsr
10061	RTD Spec Evnts
10062	RTD Fallback
10063	RTD Spc Events
10064	RTD Fallback
10065	RTD Fallback 3
10066	RTD Fallback
10067	RTD Fallback 4
10068	RTD All Call
10069	RTD Bus Serv
10070	RTD Bldr Serv Tr
10072	RTD Dnvr Svc Tk
10073	RTD Bus Stop Mtc
10074	RTD Bus Stop MX
10075	RTD Rail MOW
10076	RTD Rail 3 Yard
10077	RTD Radio Fstrck
10078	RTD Rail MOW 1
10079	RTD Rail 1 Ops
10080	RTD Rail MOW 2
10081	RTD Rail Suprvsr
10082	RTD Rail Test
10083	RTD Rail E Disp
10084	RTD Admin
10085	RTD Rail Const 3
10086	RTD Rail Mech/Co
10087	RTD Rail Const 1
10088	ARCO1/MVTrns
10089	ARCO3/Horizn
10090	RTD Global Trans
10091	ARCO4/Via
10092	RTDAccident1
10093	RTDAccident2
10094	RTD ARI 1
10095	RTD ARI 2
10096	RTD Security 1
10097	RTD Sec Tac 2
10098	RTD Sec Tac 1
10099	RTD Security
10100	RTD Sec Tac 3
10103	RTD Fallback
10201	DOW A16 Tac
10552	Southern Ute PDT
10554	Ignacio PD Tac
10557	BIA Fire 1
11501	Durango FD Disp
11502	Durango FD Tac 1
11503	Durango FD Ta 2
11504	Ft Lewis FD 1
11505	Ft Lewis FD 2
11507	Bayfield Marshal
11510	UpperPineFD
11511	UprPineFDTac
11513	Durango Schools
11550	Southern Ute MAC
11551	Southern Ute PD
11553	Ignacio PD
11555	LosPinos FD 1
11556	Southern Ute PR
11558	LosPinos FD 2
11591	PitkinCo Event 1
11592	PitkinCo Event 2
11594	PitkinCo R&B
11595	PitkinCo Landfil
11596	PitkinCo OS&Trl
11597	PitkinCo Svcs911
11599	PitkinCo LE Rec
11600	PitkinCo MAC 1
11601	Aspen EMS
11602	PitkinCo ES1
11603	PitkinCo ES2
11604	RFTA Dispatch
11605	RFTA Suprvsrs
11606	RFTA TrvlSvcs
11607	RFTA SpecEvnt
11608	RFTA Emergncy
11609	PitkinCo LE
11610	PitkinCo Sheriff
11612	Basalt Police
11614	Aspen Fire
11615	Basalt Fire
11618	Aspen Mtn Rescue
11619	PitkinCo MAC 2
11620	PitkinCo MAC 3
11621	PitkinCo Fire
11622	PitkinCo Trvl Ch
11631	Aspen Parking
11633	Aspen Water
11635	Aspen Streets
11639	Basalt Public Wk
11646	Aspen Schools
11647	Aspen School Bus
11650	Routt Co LE 1
11651	Stmboat PD Tac
11652	Hayden PD Tac
11653	OakCrk PD Tac
11654	Routt Co SO Tac
11655	Routt Co LE 2
11657	Routt Travel Ch
11658	Routt Co MAC
11659	Routt Co FD 1
11660	Stmboat FD Tac
11661	WRoutt FD Tac
11662	OakCrk FD Tac
11663	NRoutt FD Tac
11664	Yampa FD Tac
11665	Routt Co FD 2
11666	Routt Co SAR
11667	Stmboat Schools
11668	YampaVly Airport
11672	SRoutt Schools
11700	RioBlancoCo MAC
11702	RioBlancoCo LE
11703	RioBlancoCo SO T
11704	Rangely Police
11705	Meeker PD Tac
11707	RioBlancoCo FD
11708	Meeker FD Tac
11709	Rangely Fire Tac
11710	Meeker EMS Tac
11711	Rangley EMS Tac
11712	RioBlancoCo R&B
11713	RioBlncoCo Trvl
11714	Meeker Schools
11716	RioBlancoCo SAR
11750	C Orchard MesaFD
11751	Clifton FD Tac
11752	DeBeque FD Tac
11753	E Orchard MesaFD
11754	Gateway FD Tac
11755	GJ Fire Tac 1
11756	Glade Park FD Ta
11757	LandsEnd FD Tac
11758	Lower Valley FD
11759	Palisade FD Tac
11760	Plateau ValleyFD
11762	NPS CNM LE Car
11767	GJ Airport Fire
11800	Lake Co MAC
11801	Lake Co LE/FD 1
11802	Lake Co LE/FD 2
11803	Lake Co Travel
11804	Lake Co Tac 1
11805	Lake Co Tac 2
11806	Lake Co Tac 3/5
11808	Lake Co R&B
11833	Rock Creek FD 2
11902	Eagle River Watr
11904	Eagle Co SD Bus
11906	Gypsum PD
11907	Gypsum DPW
11909	Vail FD Station1
11910	Vail FD Station2
11911	Vail FD Station3
11912	Eagle River FD 4
11913	Eagle River FD 5
11914	Eagle River FD 6
11915	Eagle River FD 7
11916	Eagle River FD 8
11917	Eagle Fire 9
11918	Eagle ARFF 10
11919	Eagle River FD11
11920	Eagle River FD12
11921	Gypsum FD 13
11922	Gypsum FD 14
11923	Eagle River FD15
11924	Eagle River FD16
11925	Eagle Co EMS 17
11926	Eagle Co EMS 18
11927	Eagle Co EMS 19
11928	Eagle Co EMS 20
11929	Eagle Co EMS 21
11930	Eagle Co EMS 22
11931	Gypsum FD 23
11932	Eagle Co EMS 24
12000	DOW A15 Tac
12002	CDOT 5 J Tac
12003	CDOT 5 L Tac
12004	CDOT 5 M Tac
12016	CDOT 2 J Tac
12017	CDOT 2 L Tac
12018	CDOT 6 J Tac
12019	CDOT 6 K Tac
12020	CDOT 6 T Tac
12026	CDOT 3 J Tac
12027	CDOT 3 K Tac
12028	CDOT 3 M Tac
12101	Telluride PD Dis
12102	Telluride PD Evt
12103	Telluride PD Tac
12104	Telluride FD Dis
12105	Telluride FD St1
12106	TellurideFD St2
12107	TellurideFD St3
12108	TellurideFD St4
12109	Telluride EMS
12110	MtnVlg PD Evnt
12111	MtnVlg PD Ops
15000	CO Revenue Game
34903	Gold 1
